"id","ref_circle_id","description","filename","users_fb_id"
7,91,"bff <#","photo_1379544311.jpg",8642831
8,113,"??? ?? ????*_*","photo_1379910569.jpg",100001784446195
9,118,"","photo_1379979963.jpg",5738731
10,118,"","photo_1379980100.jpg",5738731
11,118,"","photo_1379982612.jpg",5738731
12,118,"","photo_1379982655.jpg",5738731
13,118,"","photo_1379982816.jpg",5738731
14,118,"","photo_1379982967.jpg",5738731
15,118,"","photo_1379983127.jpg",5738731
16,118,"","photo_1379983279.jpg",5738731
17,118,"","photo_1379984225.jpg",5738731
18,122,"For Sebastian ","photo_1380032556.jpg",1305641
19,154,"My Circle of Strength begins with fellow ELC employees. We're Stronger Together! #BCAstrength","photo_1380247954.jpg",""
20,162,"wishing I was at the terrace with friends right now!","photo_1380294893.jpg",""
21,162,"","photo_1380294981.jpg",""
22,155,"","photo_1380427664.jpg",512205185
23,155,"","photo_1380427846.jpg",512205185
24,155,"","photo_1380427888.jpg",512205185
25,174,"","photo_1380503682.jpg",100006530193007
26,162,"","photo_1380574089.jpg",8642831
27,200,"Pink sunset #strongertogether","photo_1380574201.jpg",""
28,202,"pink sunrise #stronger together","photo_1380577357.jpg",""
29,209,"","photo_1380604072.jpg",""
30,211,"","photo_1380617727.jpg",647900387
31,211,"","photo_1380617765.jpg",647900387
32,219,"","photo_1380623425.jpg",""
33,219,"","photo_1380623567.jpg",""
34,219,"","photo_1380623626.jpg",""
35,219,"","photo_1380623664.jpg",""
36,219,"","photo_1380623722.jpg",""
37,219,"","photo_1380623768.jpg",""
38,219,"","photo_1380623822.jpg",""
39,219,"","photo_1380623877.jpg",""
40,219,"","photo_1380623904.jpg",""
41,219,"","photo_1380623951.jpg",""
42,219,"","photo_1380624090.jpg",""
43,219,"","photo_1380624127.jpg",""
44,219,"","photo_1380624237.jpg",""
45,219,"","photo_1380624298.jpg",""
46,219,"","photo_1380624425.jpg",""
47,219,"","photo_1380624471.jpg",""
48,219,"","photo_1380624524.jpg",""
49,219,"","photo_1380624665.jpg",""
50,241,"","photo_1380636513.jpg",1450778426
51,200,"Pink! ","photo_1380637712.jpg",8642831
52,260,"","photo_1380641572.jpg",100001144768573
53,255,"","photo_1380642690.jpg",100006475385808
54,280,"","photo_1380648087.jpg",""
55,283,"","photo_1380648894.jpg",""
56,284,"","photo_1380652134.jpg",1356395046
57,284,"This is for you Mayra","photo_1380652362.jpg",1356395046
58,284,"","photo_1380652487.jpg",1356395046
59,286,"","photo_1380655417.jpg",640748915
60,220,"WE WILL Never give up until there is a cure!!","photo_1380661894.jpg",1040831473
61,261,"","photo_1380669909.jpg",540502448
62,261,"","photo_1380669930.jpg",540502448
63,345,"","photo_1380675089.jpg",1341134009
64,345,"","photo_1380683609.jpg",1341134009
65,359,"Kichaj, AC. Asociación civil que trabaja en la capacitación con mujeres en la Huasteca Potosina. 
Lucharemos por una equidad en salud para las mujeres más vulnerables de la Huasteca Potosina. ( San Luis Potosi, México ), logren practicarse una mamografía y educarlas sobre la cultura de la prevención y detección oportuna del cáncer de mama.","photo_1380688320.jpg",1473227633
66,359,"","photo_1380688409.jpg",1473227633
67,359,"","photo_1380688410.jpg",1473227633
68,374,"Somos el motor que mueve al mundo, juntas hacemos posible el cambio.","photo_1380726487.jpg",100001770882821
